"27/2/2020 0:00:00","Thu 27 Feb 2020"
"4/3/2020 0:00:00","Wed 4 Mar 2020"
"29/2/2020 0:00:00","Sat 29 Feb 2020"
"6/3/2020 0:00:00","Fri 6 Mar 2020"
"8/3/2020 0:00:00","Sun 8 Mar 2020"
"2/3/2020 0:00:00","Mon 2 Mar 2020"
"7/3/2020 0:00:00","Sat 7 Mar 2020"
"9/3/2020 0:00:00","Mon 9 Mar 2020"
"28/2/2020 0:00:00","Fri 28 Feb 2020"
"10/3/2020 0:00:00","Tue 10 Mar 2020"
"12/3/2020 0:00:00","Thu 12 Mar 2020"
"11/3/2020 0:00:00","Wed 11 Mar 2020"
"13/3/2020 0:00:00","Fri 13 Mar 2020"
"14/3/2020 0:00:00","Sat 14 Mar 2020"
"5/3/2020 0:00:00","Thu 5 Mar 2020"
"15/3/2020 0:00:00","Sun 15 Mar 2020"
"16/3/2020 0:00:00","Mon 16 Mar 2020"
"18/3/2020 0:00:00","Wed 18 Mar 2020"
"17/3/2020 0:00:00","Tue 17 Mar 2020"
"19/3/2020 0:00:00","Thu 19 Mar 2020"
"20/3/2020 0:00:00","Fri 20 Mar 2020"
"21/3/2020 0:00:00","Sat 21 Mar 2020"
"22/3/2020 0:00:00","Sun 22 Mar 2020"
"25/3/2020 0:00:00","Wed 25 Mar 2020"
"24/3/2020 0:00:00","Tue 24 Mar 2020"
"23/3/2020 0:00:00","Mon 23 Mar 2020"
"27/3/2020 0:00:00","Fri 27 Mar 2020"
"26/3/2020 0:00:00","Thu 26 Mar 2020"
"28/3/2020 0:00:00","Sat 28 Mar 2020"
"29/3/2020 0:00:00","Sun 29 Mar 2020"
"1/3/2020 0:00:00","Sun 1 Mar 2020"
"30/3/2020 0:00:00","Mon 30 Mar 2020"
"31/3/2020 0:00:00","Tue 31 Mar 2020"
"1/4/2020 0:00:00","Wed 1 Apr 2020"
"3/4/2020 0:00:00","Fri 3 Apr 2020"
"2/4/2020 0:00:00","Thu 2 Apr 2020"
"4/4/2020 0:00:00","Sat 4 Apr 2020"
"1/5/2020 0:00:00","Fri 1 May 2020"
"1/7/2020 0:00:00","Wed 1 Jul 2020"
"5/4/2020 0:00:00","Sun 5 Apr 2020"
"6/4/2020 0:00:00","Mon 6 Apr 2020"
"7/4/2020 0:00:00","Tue 7 Apr 2020"
"17/6/2020 0:00:00","Wed 17 Jun 2020"
"9/4/2020 0:00:00","Thu 9 Apr 2020"
"8/4/2020 0:00:00","Wed 8 Apr 2020"
"10/4/2020 0:00:00","Fri 10 Apr 2020"
"11/4/2020 0:00:00","Sat 11 Apr 2020"
"10/9/2020 0:00:00","Thu 10 Sep 2020"
"12/4/2020 0:00:00","Sun 12 Apr 2020"
"13/4/2020 0:00:00","Mon 13 Apr 2020"
"23/4/2020 0:00:00","Thu 23 Apr 2020"
"14/4/2020 0:00:00","Tue 14 Apr 2020"
"15/4/2020 0:00:00","Wed 15 Apr 2020"
"17/4/2020 0:00:00","Fri 17 Apr 2020"
"16/4/2020 0:00:00","Thu 16 Apr 2020"
"18/4/2020 0:00:00","Sat 18 Apr 2020"
"19/4/2020 0:00:00","Sun 19 Apr 2020"
"20/4/2020 0:00:00","Mon 20 Apr 2020"
"26/4/2020 0:00:00","Sun 26 Apr 2020"
"21/4/2020 0:00:00","Tue 21 Apr 2020"
"29/4/2020 0:00:00","Wed 29 Apr 2020"
"22/4/2020 0:00:00","Wed 22 Apr 2020"
"25/4/2020 0:00:00","Sat 25 Apr 2020"
"24/4/2020 0:00:00","Fri 24 Apr 2020"
"27/4/2020 0:00:00","Mon 27 Apr 2020"
"28/4/2020 0:00:00","Tue 28 Apr 2020"
"8/12/2020 0:00:00","Tue 8 Dec 2020"
"30/4/2020 0:00:00","Thu 30 Apr 2020"
"2/5/2020 0:00:00","Sat 2 May 2020"
"6/6/2020 0:00:00","Sat 6 Jun 2020"
"22/5/2020 0:00:00","Fri 22 May 2020"
"3/5/2020 0:00:00","Sun 3 May 2020"
"6/5/2020 0:00:00","Wed 6 May 2020"
"5/5/2020 0:00:00","Tue 5 May 2020"
"4/5/2020 0:00:00","Mon 4 May 2020"
"10/12/2020 0:00:00","Thu 10 Dec 2020"
"7/5/2020 0:00:00","Thu 7 May 2020"
"3/3/2020 0:00:00","Tue 3 Mar 2020"
"9/5/2020 0:00:00","Sat 9 May 2020"
"8/5/2020 0:00:00","Fri 8 May 2020"
"25/6/2020 0:00:00","Thu 25 Jun 2020"
"10/5/2020 0:00:00","Sun 10 May 2020"
"23/6/2020 0:00:00","Tue 23 Jun 2020"
"11/5/2020 0:00:00","Mon 11 May 2020"
"21/6/2020 0:00:00","Sun 21 Jun 2020"
"12/5/2020 0:00:00","Tue 12 May 2020"
"13/5/2020 0:00:00","Wed 13 May 2020"
"14/5/2020 0:00:00","Thu 14 May 2020"
"15/5/2020 0:00:00","Fri 15 May 2020"
"16/5/2020 0:00:00","Sat 16 May 2020"
"17/5/2020 0:00:00","Sun 17 May 2020"
"23/5/2020 0:00:00","Sat 23 May 2020"
"18/5/2020 0:00:00","Mon 18 May 2020"
"19/5/2020 0:00:00","Tue 19 May 2020"
"20/5/2020 0:00:00","Wed 20 May 2020"
"21/5/2020 0:00:00","Thu 21 May 2020"
"24/5/2020 0:00:00","Sun 24 May 2020"
"25/5/2020 0:00:00","Mon 25 May 2020"
"29/5/2020 0:00:00","Fri 29 May 2020"
"26/5/2020 0:00:00","Tue 26 May 2020"
"27/5/2020 0:00:00","Wed 27 May 2020"
"28/5/2020 0:00:00","Thu 28 May 2020"
"3/6/2020 0:00:00","Wed 3 Jun 2020"
"30/5/2020 0:00:00","Sat 30 May 2020"
"31/5/2020 0:00:00","Sun 31 May 2020"
"20/6/2020 0:00:00","Sat 20 Jun 2020"
"1/6/2020 0:00:00","Mon 1 Jun 2020"
"2/6/2020 0:00:00","Tue 2 Jun 2020"
"5/9/2020 0:00:00","Sat 5 Sep 2020"
"7/6/2020 0:00:00","Sun 7 Jun 2020"
"4/6/2020 0:00:00","Thu 4 Jun 2020"
"5/6/2020 0:00:00","Fri 5 Jun 2020"
"8/6/2020 0:00:00","Mon 8 Jun 2020"
"9/6/2020 0:00:00","Tue 9 Jun 2020"
"30/6/2020 0:00:00","Tue 30 Jun 2020"
"15/6/2020 0:00:00","Mon 15 Jun 2020"
"27/6/2020 0:00:00","Sat 27 Jun 2020"
"16/6/2020 0:00:00","Tue 16 Jun 2020"
"10/6/2020 0:00:00","Wed 10 Jun 2020"
"12/12/2020 0:00:00","Sat 12 Dec 2020"
"24/6/2020 0:00:00","Wed 24 Jun 2020"
"3/7/2020 0:00:00","Fri 3 Jul 2020"
"11/6/2020 0:00:00","Thu 11 Jun 2020"
"12/6/2020 0:00:00","Fri 12 Jun 2020"
"13/6/2020 0:00:00","Sat 13 Jun 2020"
"28/6/2020 0:00:00","Sun 28 Jun 2020"
"14/6/2020 0:00:00","Sun 14 Jun 2020"
"26/6/2020 0:00:00","Fri 26 Jun 2020"
"27/8/2020 0:00:00","Thu 27 Aug 2020"
"20/7/2020 0:00:00","Mon 20 Jul 2020"
"4/7/2020 0:00:00","Sat 4 Jul 2020"
"8/7/2020 0:00:00","Wed 8 Jul 2020"
"18/6/2020 0:00:00","Thu 18 Jun 2020"
"19/6/2020 0:00:00","Fri 19 Jun 2020"
"7/9/2020 0:00:00","Mon 7 Sep 2020"
"22/6/2020 0:00:00","Mon 22 Jun 2020"
"29/8/2020 0:00:00","Sat 29 Aug 2020"
"2/7/2020 0:00:00","Thu 2 Jul 2020"
"10/7/2020 0:00:00","Fri 10 Jul 2020"
"6/7/2020 0:00:00","Mon 6 Jul 2020"
"29/6/2020 0:00:00","Mon 29 Jun 2020"
"5/7/2020 0:00:00","Sun 5 Jul 2020"
"7/7/2020 0:00:00","Tue 7 Jul 2020"
"10/8/2020 0:00:00","Mon 10 Aug 2020"
"8/8/2020 0:00:00","Sat 8 Aug 2020"
"9/7/2020 0:00:00","Thu 9 Jul 2020"
"15/7/2020 0:00:00","Wed 15 Jul 2020"
"2/9/2020 0:00:00","Wed 2 Sep 2020"
"20/8/2020 0:00:00","Thu 20 Aug 2020"
"9/12/2020 0:00:00","Wed 9 Dec 2020"
"28/7/2020 0:00:00","Tue 28 Jul 2020"
"26/7/2020 0:00:00","Sun 26 Jul 2020"
"24/7/2020 0:00:00","Fri 24 Jul 2020"
"31/7/2020 0:00:00","Fri 31 Jul 2020"
"6/9/2020 0:00:00","Sun 6 Sep 2020"
"11/7/2020 0:00:00","Sat 11 Jul 2020"
"13/7/2020 0:00:00","Mon 13 Jul 2020"
"23/7/2020 0:00:00","Thu 23 Jul 2020"
"12/7/2020 0:00:00","Sun 12 Jul 2020"
"17/7/2020 0:00:00","Fri 17 Jul 2020"
"14/7/2020 0:00:00","Tue 14 Jul 2020"
"18/7/2020 0:00:00","Sat 18 Jul 2020"
"16/7/2020 0:00:00","Thu 16 Jul 2020"
"10/10/2020 0:00:00","Sat 10 Oct 2020"
"25/9/2020 0:00:00","Fri 25 Sep 2020"
"27/7/2020 0:00:00","Mon 27 Jul 2020"
"19/7/2020 0:00:00","Sun 19 Jul 2020"
"29/7/2020 0:00:00","Wed 29 Jul 2020"
"12/8/2020 0:00:00","Wed 12 Aug 2020"
"21/7/2020 0:00:00","Tue 21 Jul 2020"
"22/7/2020 0:00:00","Wed 22 Jul 2020"
"7/12/2020 0:00:00","Mon 7 Dec 2020"
"30/7/2020 0:00:00","Thu 30 Jul 2020"
"8/9/2020 0:00:00","Tue 8 Sep 2020"
"25/7/2020 0:00:00","Sat 25 Jul 2020"
"1/8/2020 0:00:00","Sat 1 Aug 2020"
"24/10/2020 0:00:00","Sat 24 Oct 2020"
"4/9/2020 0:00:00","Fri 4 Sep 2020"
"9/8/2020 0:00:00","Sun 9 Aug 2020"
"31/8/2020 0:00:00","Mon 31 Aug 2020"
"11/8/2020 0:00:00","Tue 11 Aug 2020"
"9/9/2020 0:00:00","Wed 9 Sep 2020"
"6/8/2020 0:00:00","Thu 6 Aug 2020"
"19/8/2020 0:00:00","Wed 19 Aug 2020"
"11/9/2020 0:00:00","Fri 11 Sep 2020"
"3/9/2020 0:00:00","Thu 3 Sep 2020"
"15/8/2020 0:00:00","Sat 15 Aug 2020"
"2/8/2020 0:00:00","Sun 2 Aug 2020"
"3/8/2020 0:00:00","Mon 3 Aug 2020"
"30/8/2020 0:00:00","Sun 30 Aug 2020"
"11/12/2020 0:00:00","Fri 11 Dec 2020"
"25/8/2020 0:00:00","Tue 25 Aug 2020"
"7/8/2020 0:00:00","Fri 7 Aug 2020"
"4/8/2020 0:00:00","Tue 4 Aug 2020"
"22/8/2020 0:00:00","Sat 22 Aug 2020"
"5/8/2020 0:00:00","Wed 5 Aug 2020"
"10/11/2020 0:00:00","Tue 10 Nov 2020"
"12/11/2020 0:00:00","Thu 12 Nov 2020"
"1/9/2020 0:00:00","Tue 1 Sep 2020"
"2/10/2020 0:00:00","Fri 2 Oct 2020"
"15/9/2020 0:00:00","Tue 15 Sep 2020"
"16/8/2020 0:00:00","Sun 16 Aug 2020"
"13/9/2020 0:00:00","Sun 13 Sep 2020"
"28/8/2020 0:00:00","Fri 28 Aug 2020"
"21/8/2020 0:00:00","Fri 21 Aug 2020"
"14/8/2020 0:00:00","Fri 14 Aug 2020"
"13/8/2020 0:00:00","Thu 13 Aug 2020"
"9/11/2020 0:00:00","Mon 9 Nov 2020"
"18/8/2020 0:00:00","Tue 18 Aug 2020"
"24/8/2020 0:00:00","Mon 24 Aug 2020"
"17/8/2020 0:00:00","Mon 17 Aug 2020"
"26/8/2020 0:00:00","Wed 26 Aug 2020"
"14/12/2020 0:00:00","Mon 14 Dec 2020"
"26/9/2020 0:00:00","Sat 26 Sep 2020"
"15/12/2020 0:00:00","Tue 15 Dec 2020"
"1/10/2020 0:00:00","Thu 1 Oct 2020"
"23/8/2020 0:00:00","Sun 23 Aug 2020"
"28/9/2020 0:00:00","Mon 28 Sep 2020"
"16/9/2020 0:00:00","Wed 16 Sep 2020"
"27/9/2020 0:00:00","Sun 27 Sep 2020"
"4/12/2020 0:00:00","Fri 4 Dec 2020"
"14/11/2020 0:00:00","Sat 14 Nov 2020"
"14/9/2020 0:00:00","Mon 14 Sep 2020"
"30/9/2020 0:00:00","Wed 30 Sep 2020"
"23/11/2020 0:00:00","Mon 23 Nov 2020"
"29/9/2020 0:00:00","Tue 29 Sep 2020"
"22/9/2020 0:00:00","Tue 22 Sep 2020"
"7/11/2020 0:00:00","Sat 7 Nov 2020"
"26/10/2020 0:00:00","Mon 26 Oct 2020"
"23/10/2020 0:00:00","Fri 23 Oct 2020"
"20/10/2020 0:00:00","Tue 20 Oct 2020"
"12/9/2020 0:00:00","Sat 12 Sep 2020"
"11/11/2020 0:00:00","Wed 11 Nov 2020"
"17/9/2020 0:00:00","Thu 17 Sep 2020"
"18/9/2020 0:00:00","Fri 18 Sep 2020"
"19/9/2020 0:00:00","Sat 19 Sep 2020"
"20/9/2020 0:00:00","Sun 20 Sep 2020"
"21/9/2020 0:00:00","Mon 21 Sep 2020"
"23/9/2020 0:00:00","Wed 23 Sep 2020"
"24/9/2020 0:00:00","Thu 24 Sep 2020"
"24/11/2020 0:00:00","Tue 24 Nov 2020"
"25/11/2020 0:00:00","Wed 25 Nov 2020"
"31/10/2020 0:00:00","Sat 31 Oct 2020"
"29/10/2020 0:00:00","Thu 29 Oct 2020"
"15/11/2020 0:00:00","Sun 15 Nov 2020"
"20/11/2020 0:00:00","Fri 20 Nov 2020"
"17/11/2020 0:00:00","Tue 17 Nov 2020"
"13/11/2020 0:00:00","Fri 13 Nov 2020"
"3/10/2020 0:00:00","Sat 3 Oct 2020"
"4/10/2020 0:00:00","Sun 4 Oct 2020"
"18/10/2020 0:00:00","Sun 18 Oct 2020"
"22/10/2020 0:00:00","Thu 22 Oct 2020"
"5/10/2020 0:00:00","Mon 5 Oct 2020"
"27/10/2020 0:00:00","Tue 27 Oct 2020"
"5/11/2020 0:00:00","Thu 5 Nov 2020"
"8/10/2020 0:00:00","Thu 8 Oct 2020"
"6/10/2020 0:00:00","Tue 6 Oct 2020"
"7/10/2020 0:00:00","Wed 7 Oct 2020"
"17/10/2020 0:00:00","Sat 17 Oct 2020"
"9/10/2020 0:00:00","Fri 9 Oct 2020"
"11/10/2020 0:00:00","Sun 11 Oct 2020"
"14/10/2020 0:00:00","Wed 14 Oct 2020"
"12/10/2020 0:00:00","Mon 12 Oct 2020"
"13/10/2020 0:00:00","Tue 13 Oct 2020"
"21/10/2020 0:00:00","Wed 21 Oct 2020"
"6/11/2020 0:00:00","Fri 6 Nov 2020"
"15/10/2020 0:00:00","Thu 15 Oct 2020"
"16/10/2020 0:00:00","Fri 16 Oct 2020"
"25/10/2020 0:00:00","Sun 25 Oct 2020"
"19/10/2020 0:00:00","Mon 19 Oct 2020"
"2/11/2020 0:00:00","Mon 2 Nov 2020"
"28/10/2020 0:00:00","Wed 28 Oct 2020"
"19/11/2020 0:00:00","Thu 19 Nov 2020"
"1/11/2020 0:00:00","Sun 1 Nov 2020"
"30/10/2020 0:00:00","Fri 30 Oct 2020"
"3/11/2020 0:00:00","Tue 3 Nov 2020"
"4/11/2020 0:00:00","Wed 4 Nov 2020"
"16/11/2020 0:00:00","Mon 16 Nov 2020"
"22/12/2020 0:00:00","Tue 22 Dec 2020"
"18/11/2020 0:00:00","Wed 18 Nov 2020"
"22/11/2020 0:00:00","Sun 22 Nov 2020"
"8/11/2020 0:00:00","Sun 8 Nov 2020"
"21/11/2020 0:00:00","Sat 21 Nov 2020"
"17/12/2020 0:00:00","Thu 17 Dec 2020"
"26/11/2020 0:00:00","Thu 26 Nov 2020"
"27/11/2020 0:00:00","Fri 27 Nov 2020"
"28/11/2020 0:00:00","Sat 28 Nov 2020"
"29/11/2020 0:00:00","Sun 29 Nov 2020"
"30/11/2020 0:00:00","Mon 30 Nov 2020"
"1/12/2020 0:00:00","Tue 1 Dec 2020"
"16/1/2021 0:00:00","Sat 16 Jan 2021"
"2/12/2020 0:00:00","Wed 2 Dec 2020"
"3/12/2020 0:00:00","Thu 3 Dec 2020"
"5/12/2020 0:00:00","Sat 5 Dec 2020"
"6/12/2020 0:00:00","Sun 6 Dec 2020"
"21/12/2020 0:00:00","Mon 21 Dec 2020"
"20/12/2020 0:00:00","Sun 20 Dec 2020"
"18/12/2020 0:00:00","Fri 18 Dec 2020"
"19/12/2020 0:00:00","Sat 19 Dec 2020"
"16/12/2020 0:00:00","Wed 16 Dec 2020"
"18/1/2021 0:00:00","Mon 18 Jan 2021"
"13/12/2020 0:00:00","Sun 13 Dec 2020"
"25/12/2020 0:00:00","Fri 25 Dec 2020"
"23/12/2020 0:00:00","Wed 23 Dec 2020"
"24/12/2020 0:00:00","Thu 24 Dec 2020"
"26/12/2020 0:00:00","Sat 26 Dec 2020"
"5/1/2021 0:00:00","Tue 5 Jan 2021"
"27/12/2020 0:00:00","Sun 27 Dec 2020"
"28/12/2020 0:00:00","Mon 28 Dec 2020"
"29/12/2020 0:00:00","Tue 29 Dec 2020"
"30/12/2020 0:00:00","Wed 30 Dec 2020"
"31/12/2020 0:00:00","Thu 31 Dec 2020"
"1/1/2021 0:00:00","Fri 1 Jan 2021"
"2/1/2021 0:00:00","Sat 2 Jan 2021"
"10/1/2021 0:00:00","Sun 10 Jan 2021"
"3/1/2021 0:00:00","Sun 3 Jan 2021"
"4/1/2021 0:00:00","Mon 4 Jan 2021"
"7/1/2021 0:00:00","Thu 7 Jan 2021"
"6/1/2021 0:00:00","Wed 6 Jan 2021"
"8/1/2021 0:00:00","Fri 8 Jan 2021"
"9/1/2021 0:00:00","Sat 9 Jan 2021"
"23/7/2021 0:00:00","Fri 23 Jul 2021"
"11/1/2021 0:00:00","Mon 11 Jan 2021"
"12/1/2021 0:00:00","Tue 12 Jan 2021"
"13/1/2021 0:00:00","Wed 13 Jan 2021"
"7/4/2021 0:00:00","Wed 7 Apr 2021"
"14/1/2021 0:00:00","Thu 14 Jan 2021"
"15/1/2021 0:00:00","Fri 15 Jan 2021"
"17/1/2021 0:00:00","Sun 17 Jan 2021"
"19/1/2021 0:00:00","Tue 19 Jan 2021"
"20/1/2021 0:00:00","Wed 20 Jan 2021"
"21/1/2021 0:00:00","Thu 21 Jan 2021"
"22/1/2021 0:00:00","Fri 22 Jan 2021"
"24/1/2021 0:00:00","Sun 24 Jan 2021"
"23/1/2021 0:00:00","Sat 23 Jan 2021"
"27/1/2021 0:00:00","Wed 27 Jan 2021"
"25/1/2021 0:00:00","Mon 25 Jan 2021"
"26/1/2021 0:00:00","Tue 26 Jan 2021"
"28/1/2021 0:00:00","Thu 28 Jan 2021"
"29/1/2021 0:00:00","Fri 29 Jan 2021"
"30/1/2021 0:00:00","Sat 30 Jan 2021"
"31/1/2021 0:00:00","Sun 31 Jan 2021"
"1/2/2021 0:00:00","Mon 1 Feb 2021"
"2/2/2021 0:00:00","Tue 2 Feb 2021"
"3/2/2021 0:00:00","Wed 3 Feb 2021"
"4/2/2021 0:00:00","Thu 4 Feb 2021"
"5/2/2021 0:00:00","Fri 5 Feb 2021"
"6/2/2021 0:00:00","Sat 6 Feb 2021"
"7/2/2021 0:00:00","Sun 7 Feb 2021"
"8/2/2021 0:00:00","Mon 8 Feb 2021"
"9/2/2021 0:00:00","Tue 9 Feb 2021"
"10/2/2021 0:00:00","Wed 10 Feb 2021"
"11/2/2021 0:00:00","Thu 11 Feb 2021"
"12/2/2021 0:00:00","Fri 12 Feb 2021"
"13/2/2021 0:00:00","Sat 13 Feb 2021"
"14/2/2021 0:00:00","Sun 14 Feb 2021"
"15/2/2021 0:00:00","Mon 15 Feb 2021"
"16/2/2021 0:00:00","Tue 16 Feb 2021"
"17/2/2021 0:00:00","Wed 17 Feb 2021"
"18/2/2021 0:00:00","Thu 18 Feb 2021"
"19/2/2021 0:00:00","Fri 19 Feb 2021"
"20/2/2021 0:00:00","Sat 20 Feb 2021"
"21/2/2021 0:00:00","Sun 21 Feb 2021"
"22/2/2021 0:00:00","Mon 22 Feb 2021"
"23/2/2021 0:00:00","Tue 23 Feb 2021"
"24/2/2021 0:00:00","Wed 24 Feb 2021"
"25/2/2021 0:00:00","Thu 25 Feb 2021"
"26/2/2021 0:00:00","Fri 26 Feb 2021"
"27/2/2021 0:00:00","Sat 27 Feb 2021"
"28/2/2021 0:00:00","Sun 28 Feb 2021"
"1/3/2021 0:00:00","Mon 1 Mar 2021"
"2/3/2021 0:00:00","Tue 2 Mar 2021"
"3/3/2021 0:00:00","Wed 3 Mar 2021"
"4/3/2021 0:00:00","Thu 4 Mar 2021"
"5/3/2021 0:00:00","Fri 5 Mar 2021"
"6/3/2021 0:00:00","Sat 6 Mar 2021"
"7/3/2021 0:00:00","Sun 7 Mar 2021"
"8/3/2021 0:00:00","Mon 8 Mar 2021"
"9/3/2021 0:00:00","Tue 9 Mar 2021"
"10/3/2021 0:00:00","Wed 10 Mar 2021"
"11/3/2021 0:00:00","Thu 11 Mar 2021"
"13/3/2021 0:00:00","Sat 13 Mar 2021"
"12/3/2021 0:00:00","Fri 12 Mar 2021"
"14/3/2021 0:00:00","Sun 14 Mar 2021"
"15/3/2021 0:00:00","Mon 15 Mar 2021"
"16/3/2021 0:00:00","Tue 16 Mar 2021"
"17/3/2021 0:00:00","Wed 17 Mar 2021"
"18/3/2021 0:00:00","Thu 18 Mar 2021"
"19/3/2021 0:00:00","Fri 19 Mar 2021"
"26/3/2021 0:00:00","Fri 26 Mar 2021"
"20/3/2021 0:00:00","Sat 20 Mar 2021"
"21/3/2021 0:00:00","Sun 21 Mar 2021"
"22/3/2021 0:00:00","Mon 22 Mar 2021"
"23/3/2021 0:00:00","Tue 23 Mar 2021"
"24/3/2021 0:00:00","Wed 24 Mar 2021"
"25/3/2021 0:00:00","Thu 25 Mar 2021"
"27/3/2021 0:00:00","Sat 27 Mar 2021"
"28/3/2021 0:00:00","Sun 28 Mar 2021"
"29/3/2021 0:00:00","Mon 29 Mar 2021"
"30/3/2021 0:00:00","Tue 30 Mar 2021"
"31/3/2021 0:00:00","Wed 31 Mar 2021"
"1/4/2021 0:00:00","Thu 1 Apr 2021"
"18/4/2021 0:00:00","Sun 18 Apr 2021"
"11/7/2021 0:00:00","Sun 11 Jul 2021"
"2/4/2021 0:00:00","Fri 2 Apr 2021"
"3/4/2021 0:00:00","Sat 3 Apr 2021"
"4/4/2021 0:00:00","Sun 4 Apr 2021"
"5/4/2021 0:00:00","Mon 5 Apr 2021"
"6/4/2021 0:00:00","Tue 6 Apr 2021"
"8/4/2021 0:00:00","Thu 8 Apr 2021"
"9/4/2021 0:00:00","Fri 9 Apr 2021"
"10/4/2021 0:00:00","Sat 10 Apr 2021"
"11/4/2021 0:00:00","Sun 11 Apr 2021"
"12/4/2021 0:00:00","Mon 12 Apr 2021"
"13/4/2021 0:00:00","Tue 13 Apr 2021"
"14/4/2021 0:00:00","Wed 14 Apr 2021"
"15/4/2021 0:00:00","Thu 15 Apr 2021"
"16/4/2021 0:00:00","Fri 16 Apr 2021"
"17/4/2021 0:00:00","Sat 17 Apr 2021"
"19/4/2021 0:00:00","Mon 19 Apr 2021"
"20/4/2021 0:00:00","Tue 20 Apr 2021"
"21/4/2021 0:00:00","Wed 21 Apr 2021"
"22/4/2021 0:00:00","Thu 22 Apr 2021"
"23/4/2021 0:00:00","Fri 23 Apr 2021"
"24/4/2021 0:00:00","Sat 24 Apr 2021"
"25/4/2021 0:00:00","Sun 25 Apr 2021"
"26/4/2021 0:00:00","Mon 26 Apr 2021"
"27/4/2021 0:00:00","Tue 27 Apr 2021"
"28/4/2021 0:00:00","Wed 28 Apr 2021"
"29/4/2021 0:00:00","Thu 29 Apr 2021"
"30/4/2021 0:00:00","Fri 30 Apr 2021"
"1/5/2021 0:00:00","Sat 1 May 2021"
"2/5/2021 0:00:00","Sun 2 May 2021"
"3/5/2021 0:00:00","Mon 3 May 2021"
"4/5/2021 0:00:00","Tue 4 May 2021"
"6/5/2021 0:00:00","Thu 6 May 2021"
"5/5/2021 0:00:00","Wed 5 May 2021"
"7/5/2021 0:00:00","Fri 7 May 2021"
"8/5/2021 0:00:00","Sat 8 May 2021"
"9/5/2021 0:00:00","Sun 9 May 2021"
"10/5/2021 0:00:00","Mon 10 May 2021"
"15/5/2021 0:00:00","Sat 15 May 2021"
"11/5/2021 0:00:00","Tue 11 May 2021"
"12/5/2021 0:00:00","Wed 12 May 2021"
"1/8/2021 0:00:00","Sun 1 Aug 2021"
"13/5/2021 0:00:00","Thu 13 May 2021"
"14/5/2021 0:00:00","Fri 14 May 2021"
"16/5/2021 0:00:00","Sun 16 May 2021"
"17/5/2021 0:00:00","Mon 17 May 2021"
"18/5/2021 0:00:00","Tue 18 May 2021"
"19/5/2021 0:00:00","Wed 19 May 2021"
"20/5/2021 0:00:00","Thu 20 May 2021"
"21/5/2021 0:00:00","Fri 21 May 2021"
"22/5/2021 0:00:00","Sat 22 May 2021"
"23/5/2021 0:00:00","Sun 23 May 2021"
"24/5/2021 0:00:00","Mon 24 May 2021"
"25/5/2021 0:00:00","Tue 25 May 2021"
"26/5/2021 0:00:00","Wed 26 May 2021"
"27/5/2021 0:00:00","Thu 27 May 2021"
"28/5/2021 0:00:00","Fri 28 May 2021"
"29/5/2021 0:00:00","Sat 29 May 2021"
"30/5/2021 0:00:00","Sun 30 May 2021"
"31/5/2021 0:00:00","Mon 31 May 2021"
"1/6/2021 0:00:00","Tue 1 Jun 2021"
"2/6/2021 0:00:00","Wed 2 Jun 2021"
"3/6/2021 0:00:00","Thu 3 Jun 2021"
"4/6/2021 0:00:00","Fri 4 Jun 2021"
"5/6/2021 0:00:00","Sat 5 Jun 2021"
"6/6/2021 0:00:00","Sun 6 Jun 2021"
"7/6/2021 0:00:00","Mon 7 Jun 2021"
"8/6/2021 0:00:00","Tue 8 Jun 2021"
"9/6/2021 0:00:00","Wed 9 Jun 2021"
"10/6/2021 0:00:00","Thu 10 Jun 2021"
"11/6/2021 0:00:00","Fri 11 Jun 2021"
"12/6/2021 0:00:00","Sat 12 Jun 2021"
"13/6/2021 0:00:00","Sun 13 Jun 2021"
"14/6/2021 0:00:00","Mon 14 Jun 2021"
"15/6/2021 0:00:00","Tue 15 Jun 2021"
"16/6/2021 0:00:00","Wed 16 Jun 2021"
"17/6/2021 0:00:00","Thu 17 Jun 2021"
"18/6/2021 0:00:00","Fri 18 Jun 2021"
"19/6/2021 0:00:00","Sat 19 Jun 2021"
"20/6/2021 0:00:00","Sun 20 Jun 2021"
"21/6/2021 0:00:00","Mon 21 Jun 2021"
"22/6/2021 0:00:00","Tue 22 Jun 2021"
"23/6/2021 0:00:00","Wed 23 Jun 2021"
"24/6/2021 0:00:00","Thu 24 Jun 2021"
"25/6/2021 0:00:00","Fri 25 Jun 2021"
"26/6/2021 0:00:00","Sat 26 Jun 2021"
"27/6/2021 0:00:00","Sun 27 Jun 2021"
"28/6/2021 0:00:00","Mon 28 Jun 2021"
"29/6/2021 0:00:00","Tue 29 Jun 2021"
"30/6/2021 0:00:00","Wed 30 Jun 2021"
"1/7/2021 0:00:00","Thu 1 Jul 2021"
"2/7/2021 0:00:00","Fri 2 Jul 2021"
"3/7/2021 0:00:00","Sat 3 Jul 2021"
"4/7/2021 0:00:00","Sun 4 Jul 2021"
"5/7/2021 0:00:00","Mon 5 Jul 2021"
"6/7/2021 0:00:00","Tue 6 Jul 2021"
"7/7/2021 0:00:00","Wed 7 Jul 2021"
"8/7/2021 0:00:00","Thu 8 Jul 2021"
"9/7/2021 0:00:00","Fri 9 Jul 2021"
"10/7/2021 0:00:00","Sat 10 Jul 2021"
"12/7/2021 0:00:00","Mon 12 Jul 2021"
"13/7/2021 0:00:00","Tue 13 Jul 2021"
"14/7/2021 0:00:00","Wed 14 Jul 2021"
"15/7/2021 0:00:00","Thu 15 Jul 2021"
"16/7/2021 0:00:00","Fri 16 Jul 2021"
"17/7/2021 0:00:00","Sat 17 Jul 2021"
"18/7/2021 0:00:00","Sun 18 Jul 2021"
"19/7/2021 0:00:00","Mon 19 Jul 2021"
"20/7/2021 0:00:00","Tue 20 Jul 2021"
"21/7/2021 0:00:00","Wed 21 Jul 2021"
"22/7/2021 0:00:00","Thu 22 Jul 2021"
"24/7/2021 0:00:00","Sat 24 Jul 2021"
"25/7/2021 0:00:00","Sun 25 Jul 2021"
"26/7/2021 0:00:00","Mon 26 Jul 2021"
"27/7/2021 0:00:00","Tue 27 Jul 2021"
"28/7/2021 0:00:00","Wed 28 Jul 2021"
"29/7/2021 0:00:00","Thu 29 Jul 2021"
"30/7/2021 0:00:00","Fri 30 Jul 2021"
"31/7/2021 0:00:00","Sat 31 Jul 2021"
"2/8/2021 0:00:00","Mon 2 Aug 2021"
"3/8/2021 0:00:00","Tue 3 Aug 2021"
"4/8/2021 0:00:00","Wed 4 Aug 2021"
"5/8/2021 0:00:00","Thu 5 Aug 2021"
"6/8/2021 0:00:00","Fri 6 Aug 2021"
"7/8/2021 0:00:00","Sat 7 Aug 2021"
"8/8/2021 0:00:00","Sun 8 Aug 2021"
"9/8/2021 0:00:00","Mon 9 Aug 2021"
"10/8/2021 0:00:00","Tue 10 Aug 2021"
"11/8/2021 0:00:00","Wed 11 Aug 2021"
"12/8/2021 0:00:00","Thu 12 Aug 2021"
"13/8/2021 0:00:00","Fri 13 Aug 2021"
"14/8/2021 0:00:00","Sat 14 Aug 2021"
"15/8/2021 0:00:00","Sun 15 Aug 2021"
