"{22.041577900758995, {22.03096975060851, 22.05218605090948}, {21.03087666639901, 23.15156415275003}, {21.03087666639901, 22.832636504957115}}","{52.950307922805685, {52.78003284017158, 53.12058300543979}, {43.757498671303566, 72.5164682593169}, {43.757498671303566, 62.815252360148385}}","{2879.1847953742317, {2848.0981916894107, 2910.271399059053}, {1914.7186899691335, 5258.638168804514}, {1914.7186899691335, 3945.7559290691274}}","{8.385142904226571, {8.382257453735528, 8.388028354717614}, {8.095544509594447, 8.671973848193478}, {8.095544509594447, 8.598623247345486}}","{18.135867395577122, {18.128230656993335, 18.14350413416091}, {17.3777343302928, 18.9100090756885}, {17.3777343302928, 18.707351514980434}}","{13.715464864696912, {13.558198194065683, 13.87273153532814}, {7.177569723604295, 36.95557648758209}, {7.177569723604295, 24.031160146247558}}"
"{13.082837653048303, {13.07654330799898, 13.089131998097626}, {12.47444646508219, 13.727128447673914}, {12.47444646508219, 13.548823955194631}}","{31.376765944588552, {31.28457671048365, 31.468955178693456}, {25.970134320495998, 42.480282211234815}, {25.970134320495998, 37.45040683598601}}","{1006.6179030948508, {998.8106482899286, 1014.425157899773}, {674.4478766246042, 1804.574376746153}, {674.4478766246042, 1402.5329721808678}}","{4.978357423191602, {4.976645544608277, 4.980069301774926}, {4.807917281712293, 5.152198817002385}, {4.807917281712293, 5.104909437496655}}","{10.766723640879878, {10.76210364513996, 10.771343636619795}, {10.30534751210172, 11.238334136084957}, {10.30534751210172, 11.105724367947122}}","{13.694318574020436, {13.540375668110151, 13.84826147993072}, {7.175309239357504, 36.78379249255213}, {7.175309239357504, 24.067138892667675}}"
"{9.891898561739842, {9.887254177656208, 9.896542945823475}, {9.438300556625263, 10.377834949026314}, {9.438300556625263, 10.234848797979444}}","{23.706737808572036, {23.63784143675136, 23.775634180392714}, {19.600171291433494, 32.23767209454223}, {19.600171291433494, 28.271105276895323}}","{574.3617207049847, {570.1945919811959, 578.5288494287735}, {384.16671465353375, 1039.2675020752272}, {384.16671465353375, 799.2553935772986}}","{3.764859075715772, {3.763575269956505, 3.7661428814750386}, {3.6375933735092074, 3.894227211414618}, {3.6375933735092074, 3.859624412686242}}","{8.144253632107345, {8.140853579070384, 8.147653685144306}, {7.81172232099318, 8.491271005007139}, {7.81172232099318, 8.396166616446177}}","{13.683506624692617, {13.528129857250335, 13.8388833921349}, {7.142659683650436, 36.544036670781956}, {7.142659683650436, 24.196568840362115}}"
"{14.173174280980598, {14.16639356384221, 14.179954998118987}, {13.518247393721476, 14.879861972457158}, {13.518247393721476, 14.671896395768663}}","{34.09960945057097, {33.992214155714734, 34.20700474542721}, {28.02177563766367, 46.11932308868666}, {28.02177563766367, 40.60839185122533}}","{1192.7974939136482, {1181.4072042105254, 1204.187783616771}, {785.2199098875611, 2126.991962158667}, {785.2199098875611, 1649.0414887426637}}","{5.391995883917678, {5.390134564926081, 5.393857202909276}, {5.206736342268361, 5.580186893194362}, {5.206736342268361, 5.527160043696172}}","{11.661169648628965, {11.656198336866895, 11.666140960391035}, {11.180081500231458, 12.161115892897643}, {11.180081500231458, 12.029602870176879}}","{13.84576675223786, {13.686857834616792, 14.00467566985893}, {7.174533719348278, 36.51134464138552}, {7.174533719348278, 24.801739856185677}}"
"{14.702506083232308, {14.695515131590431, 14.709497034874184}, {14.056114005814745, 15.445690160734701}, {14.056114005814745, 15.230198102333036}}","{35.388893578127494, {35.27240145790946, 35.50538569834553}, {29.22861175945315, 49.00255990566771}, {29.22861175945315, 42.1399290848807}}","{1287.6879045974035, {1275.2291865274842, 1300.1466226673228}, {854.3117453848428, 2401.2508773085524}, {854.3117453848428, 1775.7736232787745}}","{5.595992873042248, {5.594082100397548, 5.597903645686948}, {5.408266303649428, 5.788409021186964}, {5.408266303649428, 5.7367081186004825}}","{12.098619236785368, {12.093571478550693, 12.103666995020042}, {11.597602846834155, 12.621568763540129}, {11.597602846834155, 12.471584753236755}}","{13.923905136168946, {13.756128334546212, 14.09168193779168}, {7.197815259336555, 38.84112490690433}, {7.197815259336555, 24.56292716817508}}"
"{24.749112378761033, {24.737508755193694, 24.760716002328373}, {23.62636227598759, 25.96247127547709}, {23.62636227598759, 25.617799430019502}}","{59.33807835944613, {59.14935584397659, 59.526800874915665}, {49.210684891679264, 80.62894751542704}, {49.210684891679264, 70.35179374184544}}","{3613.691095949559, {3574.5391513919526, 3652.8430405071654}, {2421.6915075081497, 6501.0271774454895}, {2421.6915075081497, 4949.374882695162}}","{9.417885150729122, {9.414680338212486, 9.421089963245757}, {9.096981800888086, 9.74090519132351}, {9.096981800888086, 9.652321370643783}}","{20.370298319814314, {20.361710806268235, 20.378885833360393}, {19.524289813830215, 21.24642647105762}, {19.524289813830215, 21.001271752516672}}","{13.629174212662457, {13.472880302477567, 13.785468122847348}, {7.202165011819978, 36.758959530753394}, {7.202165011819978, 23.892194587055386}}"
"{13.928666812729725, {13.922018548025266, 13.935315077434185}, {13.299455092104251, 14.625328426018346}, {13.299455092104251, 14.426394272766565}}","{33.430733891565836, {33.32804830692936, 33.53341947620231}, {27.62476096526795, 45.22033012193262}, {27.62476096526795, 39.70835621200099}}","{1145.0533425117546, {1134.9414633984645, 1155.1652216250448}, {763.1274183881918, 2044.878256336567}, {763.1274183881918, 1576.753553059158}}","{5.300009619651891, {5.298205064034363, 5.301814175269419}, {5.121151335934449, 5.483957775315573}, {5.121151335934449, 5.434461799485373}}","{11.460372040687208, {11.45551360812599, 11.465230473248425}, {10.9743270889102, 11.954536101610653}, {10.9743270889102, 11.81797719966908}}","{13.680371915609273, {13.523003090858003, 13.837740740360543}, {7.190085074593966, 36.02413316979972}, {7.190085074593966, 23.70795276465146}}"
"{15.842771597860885, {15.835233138332574, 15.850310057389196}, {15.118772632959978, 16.628052573534234}, {15.118772632959978, 16.399917775594464}}","{38.07166925714935, {37.96028634715839, 38.18305216714032}, {31.349754959340494, 52.01210458066337}, {31.349754959340494, 45.30709269830489}}","{1481.73637321777, {1470.988595959542, 1492.4841504759981}, {982.807136010694, 2705.2590229098632}, {982.807136010694, 2052.7326487727923}}","{6.025763433626175, {6.023707710376228, 6.027819156876123}, {5.821155792150586, 6.229434110279373}, {5.821155792150586, 6.176255486784373}}","{13.034622322553815, {13.029109282029607, 13.040135363078024}, {12.493321246470892, 13.582821467406585}, {12.493321246470892, 13.448091739314837}}","{13.79712196796739, {13.639177863466578, 13.955066072468203}, {7.1917921228148165, 36.49738676823941}, {7.1917921228148165, 24.58077173666292}}"
"{13.856073263262282, {13.849469350273733, 13.86267717625083}, {13.230088990982816, 14.541592671790195}, {13.230088990982816, 14.35322006236044}}","{33.38861139848255, {33.28379712439649, 33.49342567256861}, {27.47696715764768, 46.130262107937725}, {27.47696715764768, 39.89725113514076}}","{1143.388182575553, {1133.7525918032525, 1153.0237733478534}, {754.9837241824492, 2128.001082147035}, {754.9837241824492, 1591.790648140491}}","{5.2700469867421615, {5.26824703273269, 5.271846940751633}, {5.092935898511913, 5.45099146677698}, {5.092935898511913, 5.403618402043897}}","{11.400160403605499, {11.395368895467126, 11.404951911743872}, {10.926022261849852, 11.883410794699122}, {10.926022261849852, 11.757345266217062}}","{13.966505021854767, {13.801429054756486, 14.131580988953047}, {7.207469061463904, 38.22907927927624}, {7.207469061463904, 25.027415841660197}}"
"{11.20325203084439, {11.197827987683226, 11.208676074005552}, {10.692314944291903, 11.773100271357919}, {10.692314944291903, 11.604566917987746}}","{26.970453734890643, {26.868377474118653, 27.072529995662634}, {22.240590324684362, 36.83111591755834}, {22.240590324684362, 32.11834102088044}}","{754.5200709483947, {739.5486953422306, 769.4914465545588}, {494.6438579904436, 1356.5310997326194}, {494.6438579904436, 1031.5878299335714}}","{4.263207815851319, {4.261752611798876, 4.264663019903763}, {4.118147070405011, 4.4081126107005035}, {4.118147070405011, 4.368876570397191}}","{9.21938033154797, {9.215494071465772, 9.22326659163017}, {8.840466781783114, 9.608284736727235}, {8.840466781783114, 9.510101928968949}}","{13.82912861878575, {13.66669769360225, 13.99155954396925}, {7.200138055426368, 37.31176823952823}, {7.200138055426368, 24.40247114478563}}"
"{11.121779576882007, {11.116486383799401, 11.127072769964613}, {10.616335019242616, 11.6750510699223}, {10.616335019242616, 11.516453663158224}}","{26.692416801724573, {26.613196922586948, 26.771636680862198}, {22.065798501461842, 36.18567798139159}, {22.065798501461842, 31.75372356731805}}","{728.8165212497883, {723.0575784922612, 734.5754640073153}, {486.8994635071156, 1309.403290972968}, {486.8994635071156, 1008.2989603896499}}","{4.231524029882084, {4.230095185650537, 4.23295287411363}, {4.093555097914836, 4.378067808988053}, {4.093555097914836, 4.336913452908769}}","{9.148916584532595, {9.14503561662714, 9.152797552438049}, {8.762499605171742, 9.533438482505625}, {8.762499605171742, 9.432730724369275}}","{13.70613689141955, {13.550059764031952, 13.86221401880715}, {7.196725605021567, 35.9324296535337}, {7.196725605021567, 24.416399741425415}}"
"{16.114842087968565, {16.10721683620916, 16.12246733972797}, {15.381926419394512, 16.903483953912293}, {15.381926419394512, 16.681942767600937}}","{38.761284232180984, {38.63362207519284, 38.88894638916913}, {32.01155061965441, 52.87551522699337}, {32.01155061965441, 45.95392552527078}}","{1544.84826099708, {1527.4192846388369, 1562.277237355323}, {1024.7393730746967, 2795.820110520008}, {1024.7393730746967, 2111.7632711821334}}","{6.130942973829582, {6.128861998993848, 6.133023948665317}, {5.920767436546968, 6.3392475654617915}, {5.920767436546968, 6.284338209747242}}","{13.255387408038287, {13.2497525775947, 13.261022238481873}, {12.70376854345371, 13.832893226165627}, {12.70376854345371, 13.67328002108156}}","{13.759685948886478, {13.599536778605088, 13.919835119167868}, {7.223241919606784, 36.97281426669807}, {7.223241919606784, 24.14743835629041}}"
"{21.937634039397178, {21.92722137869821, 21.948046700096146}, {20.956399251779207, 23.04866168751192}, {20.956399251779207, 22.719412029398196}}","{52.73619546245765, {52.55513173043851, 52.91725919447679}, {43.7061273002881, 71.72783526714765}, {43.7061273002881, 62.675794222926136}}","{2866.419893319695, {2817.1187913166873, 2915.7209953227025}, {1910.2255635889892, 5144.882352111072}, {1910.2255635889892, 3928.255181474581}}","{8.34619670110559, {8.343317731820399, 8.349075670390782}, {8.0638488478872, 8.643430993208664}, {8.0638488478872, 8.561512174402276}}","{18.043655703823838, {18.03609765714046, 18.051213750507216}, {17.299701443623263, 18.81406807892836}, {17.299701443623263, 18.60144398905927}}","{13.730046613763454, {13.574433707952176, 13.885659519574732}, {7.1984151720301615, 36.35609348547627}, {7.1984151720301615, 24.1376743513238}}"
"{14.285104557005324, {14.278310537357108, 14.29189857665354}, {13.626680775089286, 14.999393272292387}, {13.626680775089286, 14.78502243148435}}","{34.25499114843992, {34.15269553512802, 34.35728676175182}, {28.320002854513397, 46.91548960815421}, {28.320002854513397, 40.73151759973317}}","{1200.6357740729038, {1190.8509276408636, 1210.420620504944}, {802.022561679647, 2201.063165172826}, {802.022561679647, 1659.056525977373}}","{5.434583483870264, {5.43272977280904, 5.436437194931488}, {5.251759617446626, 5.620572865894935}, {5.251759617446626, 5.571114914326248}}","{11.757745970221407, {11.752822685670822, 11.762669254771993}, {11.276238643396102, 12.26114299794424}, {11.276238643396102, 12.125724981849663}}","{13.649971567150164, {13.4955651662154, 13.804377968084928}, {7.219776729629099, 36.71072300026545}, {7.219776729629099, 23.595435414322417}}"
"{21.282854697818646, {21.27275260252429, 21.292956793113003}, {20.3168246772524, 22.33761407666893}, {20.3168246772524, 22.03385199311049}}","{51.10859432658048, {50.9561247591152, 51.26106389404576}, {42.25524623313876, 69.69733432868236}, {42.25524623313876, 60.85311485298259}}","{2672.5837057521485, {2652.098289291838, 2693.069122212459}, {1785.5058342231878, 4857.718412524125}, {1785.5058342231878, 3703.101587310291}}","{8.098656345420913, {8.095886491915447, 8.10142619892638}, {7.824763116034308, 8.3828807909684}, {7.824763116034308, 8.30151269085114}}","{17.516462671967204, {17.509091891420656, 17.523833452513752}, {16.80006575514721, 18.267018083955566}, {16.80006575514721, 18.065257164746246}}","{13.803002663036922, {13.644451762949783, 13.961553563124061}, {7.249063913663152, 36.97359684852505}, {7.249063913663152, 24.059249420414837}}"
"{11.791402762990366, {11.785788866499399, 11.797016659481333}, {11.262064817094712, 12.37912768977716}, {11.262064817094712, 12.211734143310645}}","{28.28433465347496, {28.198749945637783, 28.36991936131214}, {23.332161791807696, 38.397015246083896}, {23.332161791807696, 33.66471542367315}}","{819.0646702796976, {812.3068475766407, 825.8224929827544}, {544.389773879091, 1474.3307798079993}, {544.389773879091, 1133.3130645568967}}","{4.487536151752974, {4.486007146971683, 4.489065156534266}, {4.339158024597882, 4.642219097046702}, {4.339158024597882, 4.600029984607554}}","{9.70609690752477, {9.701957141026039, 9.710236674023502}, {9.300037910249578, 10.132631035687902}, {9.300037910249578, 10.016174670287427}}","{13.703034208951951, {13.545395252557539, 13.860673165346364}, {7.171854767770201, 36.63296919756203}, {7.171854767770201, 24.101511621873343}}"
"{12.380689411333364, {12.374836716136402, 12.386542106530326}, {11.827433772380854, 12.990322747687346}, {11.827433772380854, 12.816248506973217}}","{29.823994771294046, {29.727279086992247, 29.920710455595845}, {24.621994240876937, 41.07473752903885}, {24.621994240876937, 35.418022386479365}}","{913.8122604855738, {905.3921073302973, 922.2324136408503}, {606.242600397777, 1687.1340630794327}, {606.242600397777, 1254.4363097691532}}","{4.709854591126814, {4.708240218696307, 4.711468963557321}, {4.551243386176672, 4.874141916287094}, {4.551243386176672, 4.829965312967811}}","{10.186843115926651, {10.18258456125116, 10.191101670602142}, {9.767705252288795, 10.610114873483695}, {9.767705252288795, 10.501397154252201}}","{13.916458742534934, {13.751073387653829, 14.081844097416038}, {7.238721343851253, 38.086579707103915}, {7.238721343851253, 24.876298855357025}}"
"{5.760760938500926, {5.7580142562854615, 5.763507620716391}, {5.496663736961996, 6.048830131976759}, {5.496663736961996, 5.964288125194444}}","{13.81831854087452, {13.777507999955457, 13.859129081793583}, {11.422167539357329, 18.67745986173227}, {11.422167539357329, 16.41811625306602}}","{195.28003741118812, {193.7306860498216, 196.82938877255464}, {130.46591129714824, 348.84750688662}, {130.46591129714824, 269.5545412991906}}","{2.1920507147166064, {2.19130391916551, 2.192797510267703}, {2.117191716969139, 2.267586663708232}, {2.117191716969139, 2.247012260419538}}","{4.740879949708886, {4.738913554335454, 4.742846345082318}, {4.553267958356411, 4.94526508665692}, {4.553267958356411, 4.885570189517313}}","{13.695150735633106, {13.539927030344321, 13.850374440921891}, {7.195547145469017, 36.170592976381755}, {7.195547145469017, 24.06398954460524}}"
"{11.691662655293845, {11.68614115260514, 11.69718415798255}, {11.169415268103775, 12.262140826496712}, {11.169415268103775, 12.106693213874415}}","{28.06450293180971, {27.98052841600299, 28.14847744761643}, {23.24639569039266, 37.91375663166031}, {23.24639569039266, 33.30138409064957}}","{805.9669242523383, {799.5052933201576, 812.428555184519}, {540.3949125943064, 1437.4529419247663}, {540.3949125943064, 1108.9821823529685}}","{4.449139933135168, {4.447630718024363, 4.450649148245973}, {4.301578192120294, 4.603708840624935}, {4.301578192120294, 4.560132992462503}}","{9.62033471079956, {9.616356097590721, 9.624313324008398}, {9.224963907309322, 10.021492353321822}, {9.224963907309322, 9.915077687668418}}","{13.745197263782108, {13.589771774974404, 13.900622752589813}, {7.210757021206773, 36.41733690485635}, {7.210757021206773, 24.178235705478546}}"
"{5.947994704819015, {5.9451574690055455, 5.950831940632485}, {5.6747048821173545, 6.243433185841581}, {5.6747048821173545, 6.157097856960575}}","{14.292691297244577, {14.248370029193424, 14.33701256529573}, {11.77547339366288, 19.368903843695666}, {11.77547339366288, 16.969258950441972}}","{209.39289207598827, {207.58220390638408, 211.20358024559246}, {138.66177364486236, 375.1544361063288}, {138.66177364486236, 287.95574932715493}}","{2.2630545456613267, {2.2622858796586973, 2.263823211663956}, {2.1876256846424695, 2.3401536004716155}, {2.1876256846424695, 2.320574413943571}}","{4.894459018295543, {4.892389233008313, 4.896528803582774}, {4.68915414264671, 5.102054369774193}, {4.68915414264671, 5.0473026197093835}}","{13.77808370242195, {13.619276170732798, 13.936891234111103}, {7.181444160156257, 35.91878407477121}, {7.181444160156257, 24.055562351118816}}"
"{13.360413360413586, {13.354021022390649, 13.366805698436524}, {12.743908409522147, 14.029608799532545}, {12.743908409522147, 13.836131410362382}}","{32.131443792568504, {32.030261756969594, 32.232625828167414}, {26.52389279787241, 43.673722967769876}, {26.52389279787241, 38.34696146364632}}","{1059.0713881630168, {1048.982795031378, 1069.1599812946556}, {703.5168891530279, 1907.3940778655103}, {703.5168891530279, 1470.4894534943764}}","{5.082457435537622, {5.080710337537611, 5.0842045335376325}, {4.9093266444981065, 5.261127839336499}, {4.9093266444981065, 5.209874841110318}}","{10.994100841989459, {10.989498161929943, 10.998703522048976}, {10.53780834925226, 11.45772685426174}, {10.53780834925226, 11.332621921638635}}","{13.825072731136638, {13.665937685851633, 13.984207776421643}, {7.205511531435007, 36.48786607227126}, {7.205511531435007, 24.462491382737667}}"
"{11.917470899000103, {11.911748910198078, 11.923192887802127}, {11.3770634022125, 12.52140677265705}, {11.3770634022125, 12.342379393475388}}","{28.5790255326957, {28.477996942559145, 28.680054122832253}, {23.617501542529187, 38.570152445073745}, {23.617501542529187, 33.83581288520321}}","{843.3216638084199, {828.7260935701042, 857.9172340467355}, {557.7863791113685, 1487.6566596362284}, {557.7863791113685, 1144.8622336024835}}","{4.536244984923715, {4.53471546788955, 4.53777450195788}, {4.386719117695561, 4.691337828783597}, {4.386719117695561, 4.64856848568917}}","{9.809575762240092, {9.805457465428566, 9.813694059051619}, {9.406955948031706, 10.226875207853627}, {9.406955948031706, 10.113948167408658}}","{13.597679462622096, {13.44152431598012, 13.753834609264073}, {7.219627447534427, 35.34949372091644}, {7.219627447534427, 23.528465891119577}}"
"{8.057414440823663, {8.053539042455872, 8.061289839191454}, {7.689995706153077, 8.454969379874303}, {7.689995706153077, 8.347495788315427}}","{19.364104686884822, {19.305054130629692, 19.423155243139952}, {15.966700017786444, 26.55896818943789}, {15.966700017786444, 23.027454433356493}}","{384.04264329844796, {380.9068029384416, 387.1784836584543}, {254.93550945798162, 705.3787912875738}, {254.93550945798162, 530.2636576803095}}","{3.065082282345819, {3.064042377873339, 3.066122186818299}, {2.9608647120639104, 3.1694126061246157}, {2.9608647120639104, 3.141009034821945}}","{6.6298721104844995, {6.62710675672765, 6.632637464241349}, {6.351536041710711, 6.907609226482166}, {6.351536041710711, 6.834008391093457}}","{13.802400438650208, {13.642903043441457, 13.96189783385896}, {7.196895788791928, 37.693469793422146}, {7.196895788791928, 24.2488052320681}}"
"{17.41975460410918, {17.411428706675313, 17.428080501543047}, {16.62784682904786, 18.294586942772742}, {16.62784682904786, 18.042088514922323}}","{41.83840322977738, {41.7050920563786, 41.97171440317616}, {34.4578807176022, 56.75554560727019}, {34.4578807176022, 49.77037396169993}}","{1796.6994933187257, {1776.1721278339282, 1817.226858803523}, {1187.3455435485016, 3221.1919571789267}, {1187.3455435485016, 2477.0901242874584}}","{6.627481595078908, {6.6252275630502835, 6.629735627107533}, {6.402673054551582, 6.858761296237791}, {6.402673054551582, 6.79495284809329}}","{14.330343441740162, {14.32436028635595, 14.336326597124375}, {13.746739766631284, 14.931593017253647}, {13.746739766631284, 14.773822191257743}}","{13.713869488888722, {13.557935627311265, 13.86980335046618}, {7.1904786511950585, 36.268783763919544}, {7.1904786511950585, 24.04185567258412}}"
"{17.0259474559677, {17.01789255532799, 17.03400235660741}, {16.250444532730768, 17.871801577817884}, {16.250444532730768, 17.632019928627543}}","{40.85781670861386, {40.73977647466193, 40.97585694256579}, {33.81480306693522, 55.35162712518243}, {33.81480306693522, 48.63925624358931}}","{1705.620147751831, {1693.3449753025259, 1717.895320201136}, {1143.4409064556116, 3063.8026254052315}, {1143.4409064556116, 2365.7772479295413}}","{6.476981774031736, {6.474749618688454, 6.4792139293750175}, {6.2592942998557355, 6.704640454389369}, {6.2592942998557355, 6.641406246114588}}","{14.010007366565013, {14.004033812111508, 14.015980921018517}, {13.428131049484243, 14.606343101132154}, {13.428131049484243, 14.451051780084448}}","{13.72990418337119, {13.575418386099813, 13.884389980642567}, {7.1783788425695425, 35.68943071228736}, {7.1783788425695425, 24.399721745870174}}"
"{23.382388019702574, {23.37120096855886, 23.39357507084629}, {22.307432137793636, 24.564356018613285}, {22.307432137793636, 24.213248194583475}}","{56.136545358956376, {55.96891632042335, 56.304174397489405}, {46.366949259993426, 76.68101759024319}, {46.366949259993426, 66.63581534291701}}","{3224.4346820781884, {3199.1743704076366, 3249.69499374874}, {2149.893983678805, 5879.978458675184}, {2149.893983678805, 4440.331886415335}}","{8.896339583628322, {8.893269897789128, 8.899409269467515}, {8.593714988321281, 9.21104419585608}, {8.593714988321281, 9.124048846442005}}","{19.242127327970962, {19.233956611394756, 19.25029804454717}, {18.430653845403953, 20.071890160860193}, {18.430653845403953, 19.84820778932115}}","{13.767957780223814, {13.609023258070037, 13.92689230237759}, {7.153359729979607, 36.7623371243164}, {7.153359729979607, 24.054315076607303}}"
"{6.8205346500746264, {6.817321066024219, 6.823748234125034}, {6.512110919187056, 7.162910516498238}, {6.512110919187056, 7.059150700089441}}","{16.354967764413132, {16.307500785573477, 16.402434743252787}, {13.485358169845934, 22.18458014029634}, {13.485358169845934, 19.350078044783814}}","{273.34822068405873, {271.3373494813908, 275.3590918867267}, {181.85488496903048, 492.15559600123083}, {181.85488496903048, 374.42552033922465}}","{2.595647089406548, {2.594768587374032, 2.596525591439064}, {2.5097043464895377, 2.6845199891877494}, {2.5097043464895377, 2.6609916460676546}}","{5.612608492071959, {5.610263849034672, 5.614953135109246}, {5.381446413868427, 5.8546700809423715}, {5.381446413868427, 5.785438013322848}}","{13.666779087041714, {13.512078766708779, 13.82147940737465}, {7.234438342377492, 36.46212528665889}, {7.234438342377492, 23.732737228163742}}"
"{13.08007098513701, {13.073851156833356, 13.086290813440662}, {12.484442006832468, 13.720930901801301}, {12.484442006832468, 13.537787618082652}}","{31.399346581370676, {31.30386300068621, 31.49483016205514}, {25.912102429700703, 42.38260572997735}, {25.912102429700703, 37.207126520468066}}","{1009.644315990172, {1001.0118377386275, 1018.2767942417165}, {671.437052327301, 1796.285268462709}, {671.437052327301, 1384.3702639101182}}","{4.974818280902324, {4.973124253036296, 4.976512308768351}, {4.806184917531251, 5.146098373116921}, {4.806184917531251, 5.098535256275987}}","{10.762616087758184, {10.758072604662203, 10.767159570854165}, {10.31659314894423, 11.223228708840422}, {10.31659314894423, 11.094778952240368}}","{13.733697716510354, {13.577566232725001, 13.889829200295708}, {7.202203871168031, 36.23733928934476}, {7.202203871168031, 24.076881482686375}}"
"{12.157591768277712, {12.151737536755695, 12.163445999799729}, {11.601027638875147, 12.765638438627663}, {11.601027638875147, 12.599183659090631}}","{29.244077104609854, {29.144876453270403, 29.343277755949305}, {24.115306953454102, 39.572827264734386}, {24.115306953454102, 34.88093431042297}}","{880.8245542737268, {863.7169457712199, 897.9321627762337}, {581.5480294593117, 1566.008657724505}, {581.5480294593117, 1216.6795783680425}}","{4.624155002969642, {4.622586054278228, 4.625723951661056}, {4.470092440149865, 4.780327733112033}, {4.470092440149865, 4.738532507890505}}","{10.001407130135913, {9.997205345123108, 10.005608915148718}, {9.588041373510563, 10.42667739181766}, {9.588041373510563, 10.313788623325411}}","{13.801092037071555, {13.645054227709553, 13.957129846433558}, {7.189636499525388, 36.636578741453235}, {7.189636499525388, 24.492511429526324}}"
"{11.976043732807875, {11.970379059527955, 11.981708406087796}, {11.440656193816576, 12.572963749125126}, {11.440656193816576, 12.395216816073281}}","{28.748808291259692, {28.661779653925112, 28.835836928594272}, {23.807648201157622, 39.04676241602803}, {23.807648201157622, 34.07249993370288}}","{846.2036596443186, {838.8157234650666, 853.5915958235705}, {566.8041128700838, 1524.6496551737393}, {566.8041128700838, 1160.9352517321827}}","{4.555468496251052, {4.553906616419176, 4.5570303760829285}, {4.400419505623914, 4.717883209986812}, {4.400419505623914, 4.670115143354655}}","{9.855418098938532, {9.85130326510247, 9.859532932774595}, {9.450500213809184, 10.271754124060077}, {9.450500213809184, 10.163323276051798}}","{13.67858492761311, {13.526195270530515, 13.830974584695706}, {7.2194842881325805, 35.44506492575416}, {7.2194842881325805, 23.77274789756905}}"
"{13.969472415188305, {13.962847795864974, 13.976097034511636}, {13.340418383228549, 14.666133978227954}, {13.340418383228549, 14.464882802495815}}","{33.47389023929736, {33.36910529838012, 33.5786751802146}, {27.694350283596965, 45.082401478745275}, {27.694350283596965, 39.50265150554926}}","{1149.0741398027203, {1137.5139164034938, 1160.6343632019468}, {766.9770376305672, 2032.422923090774}, {766.9770376305672, 1560.459475968873}}","{5.317028142314258, {5.3152146575188475, 5.318841627109668}, {5.137342934482795, 5.498820589455156}, {5.137342934482795, 5.451031417344977}}","{11.496147868597475, {11.491262837772036, 11.501032899422915}, {11.01278497565777, 11.983791664199629}, {11.01278497565777, 11.855530093104674}}","{13.630906261200838, {13.476982415236002, 13.784830107165675}, {7.234954308779978, 35.645726062917426}, {7.234954308779978, 23.553862623677823}}"
"{9.249730903508572, {9.24536204915664, 9.254099757860505}, {8.833381462650557, 9.699427522085795}, {8.833381462650557, 9.573576444019858}}","{22.16539175894691, {22.102545202173836, 22.228238315719985}, {18.379840659135205, 29.737352101362166}, {18.379840659135205, 26.29902771057836}}","{501.58281908550543, {498.04003015852834, 505.12560801248253}, {337.8185426551996, 884.3101100003888}, {337.8185426551996, 691.6388585217686}}","{3.5191232908893113, {3.5179203987905225, 3.5203261829881}, {3.399672982547398, 3.6413670792690667}, {3.399672982547398, 3.608624509191099}}","{7.611088412846069, {7.607887389647999, 7.614289436044139}, {7.294736880430237, 7.94106041320703}, {7.294736880430237, 7.847276977603894}}","{13.630834039238936, {13.478878666412555, 13.782789412065316}, {7.167234758336112, 36.0011916252797}, {7.167234758336112, 23.845494454721734}}"
"{12.156984007019137, {12.151250791497823, 12.16271722254045}, {11.606036807892224, 12.759609567135845}, {11.606036807892224, 12.584704217612048}}","{29.18299033791455, {29.09159794174563, 29.27438273408347}, {24.142478592151267, 39.518079480175395}, {24.142478592151267, 34.48186858026739}}","{873.382711922882, {865.2170374062188, 881.5483864395452}, {582.8592725724822, 1561.6786058014598}, {582.8592725724822, 1188.9992607868314}}","{4.626933244775286, {4.6253565258753815, 4.62850996367519}, {4.471923449568495, 4.78611317772982}, {4.471923449568495, 4.742247967360249}}","{10.006469476393002, {10.00220890129169, 10.010730051494315}, {9.5898633689949, 10.43858346269999}, {9.5898633689949, 10.319816628943915}}","{13.7434399448975, {13.586480799452794, 13.900399090342205}, {7.184820434988722, 36.52061631245022}, {7.184820434988722, 24.151497125631867}}"
"{15.774549699977301, {15.766988159901516, 15.782111240053087}, {15.050376259851701, 16.55811582649256}, {15.050376259851701, 16.340052126252388}}","{37.80200734024501, {37.68148484084973, 37.9225298396403}, {31.244867693068542, 50.53226949431357}, {31.244867693068542, 44.59705905531879}}","{1466.7917326564661, {1452.1673426221403, 1481.416122690792}, {976.2417571573584, 2553.5102602459338}, {976.2417571573584, 1988.8976763835915}}","{6.003580389773367, {6.001541548119302, 6.005619231427431}, {5.803060541756366, 6.211439002295581}, {5.803060541756366, 6.153802865437504}}","{12.983511195878926, {12.978051353168071, 12.98897103858978}, {12.44744976677769, 13.549284284140082}, {12.44744976677769, 13.392787616483666}}","{13.51919999591774, {13.366684889011546, 13.671715102823933}, {7.202054447628711, 34.93334522709013}, {7.202054447628711, 23.291867658733285}}"
"{5.820823590032684, {5.818081744764572, 5.823565435300796}, {5.560730979056158, 6.107997102489716}, {5.560730979056158, 6.026159397876566}}","{13.962170290938637, {13.922231525337745, 14.00210905653953}, {11.521609177237243, 18.929705115023115}, {11.521609177237243, 16.539698048197874}}","{199.09312067749775, {197.66948075444904, 200.51676060054646}, {132.74747803299746, 358.33373574173226}, {132.74747803299746, 273.5616115255606}}","{2.214052892885676, {2.2132943902190254, 2.214811395552327}, {2.1393155087801197, 2.2905733591377047}, {2.1393155087801197, 2.2705633695138383}}","{4.789445495058385, {4.787434503504152, 4.791456486612618}, {4.597455946182684, 4.997172393485538}, {4.597455946182684, 4.939153932755845}}","{13.692353185546143, {13.539980038075267, 13.844726333017018}, {7.176728926595147, 35.64322666658789}, {7.176728926595147, 23.955829326886253}}"
"{14.513187829651113, {14.50628084816399, 14.520094811138234}, {13.870977097353842, 15.235432264941169}, {13.870977097353842, 15.029634804909906}}","{34.84334783740799, {34.73585421685763, 34.95084145795835}, {28.82913533772894, 46.785315841404866}, {28.82913533772894, 41.610246641245716}}","{1244.1280017435236, {1232.7005793570752, 1255.555424129972}, {831.1190443210916, 2188.865778380009}, {831.1190443210916, 1731.4126255453002}}","{5.521866697278031, {5.519980195348923, 5.523753199207139}, {5.335883777867798, 5.712767954646681}, {5.335883777867798, 5.658912571822206}}","{11.944689771518087, {11.939669466704004, 11.94971007633217}, {11.442851694612619, 12.44986483343304}, {11.442851694612619, 12.31919650896153}}","{13.746250739909764, {13.589798625720608, 13.90270285409892}, {7.209590171736906, 35.65995714348806}, {7.209590171736906, 23.98703543764233}}"
